{"cameraMode":{"drawMode":0,"name":"Shaded","section":"Shading Mode"},"sceneLighting":false,"audioPlay":false,"sceneViewState":{"showFog":true,"showMaterialUpdate":false,"showSkybox":true,"showFlares":true,"showImageEffects":true,"showParticleSystems":true},"in2DMode":false,"pivot":{"x":5747.5458984375,"y":-886.93017578125,"z":-1888.448974609375},"rotation":{"x":0.07593848556280136,"y":0.8371555209159851,"z":-0.12037336081266403,"w":0.5281264185905457},"size":10873.9560546875,"orthographic":false}