{"cameraMode":{"drawMode":0,"name":"Shaded","section":"Shading Mode"},"sceneLighting":true,"audioPlay":false,"sceneViewState":{"showFog":true,"showMaterialUpdate":false,"showSkybox":true,"showFlares":true,"showImageEffects":true,"showParticleSystems":true},"in2DMode":false,"pivot":{"x":-550.5228881835938,"y":-308.2796936035156,"z":-991.3033447265625},"rotation":{"x":0.0342499315738678,"y":-0.961374044418335,"z":0.14029458165168763,"w":0.2346598207950592},"size":1475.7138671875,"orthographic":false}